Compressor Speed (rpm),Air Side Cooling Capacity (kW),Time (s)
3300,9.286174811,100.0
4500,12.20611616,100.05
4500,12.17716266,100.1
4500,12.13847636,100.15
4500,12.09699345,100.2
4500,12.05450085,100.25
4500,12.01172469,100.3
4500,11.96945122,100.35
4500,11.92771058,100.4
4500,11.88667956,100.45
4500,11.84651963,100.5
4500,11.80719179,100.55
4500,11.76898849,100.6
4500,11.73182412,100.65
4500,11.6956244,100.7
4500,11.66029956,100.75
4500,11.62587754,100.8
4500,11.59236788,100.85
4500,11.55977795,100.9
4500,11.52817478,100.95
4500,11.49739639,101.0
4500,11.46743175,101.05
4500,11.43827305,101.1
4500,11.40990385,101.15
4500,11.38214055,101.2
4500,11.35507218,101.25
4500,11.32877619,101.3
4500,11.30319682,101.35
4500,11.27829644,101.4
4500,11.25420106,101.45
4500,11.23079551,101.5
4500,11.20812428,101.55
4500,11.18611782,101.6
4500,11.1647794,101.65
4500,11.14440894,101.7
4500,11.12436974,101.75
4500,11.10504868,101.8
4500,11.08633012,101.85
4500,11.06819209,101.9
4500,11.0506141,101.95
4500,11.03357773,102.0
4500,11.01706603,102.05
4500,11.00106312,102.1
4500,10.98555398,102.15
4500,10.97052427,102.2
4500,10.95596014,102.25
4500,10.94184816,102.3
4500,10.92817538,102.35
4500,10.91492918,102.4
4500,10.90209729,102.45
4500,10.88966774,102.5
4500,10.87762885,102.55
4500,10.86596925,102.6
4500,10.85467783,102.65
4500,10.84374374,102.7
4500,10.83315642,102.75
4500,10.82290558,102.8
4500,10.81298116,102.85
4500,10.80337337,102.9
4500,10.79407268,102.95
4500,10.78506978,103.0
4500,10.77635562,103.05
4500,10.76792141,103.1
4500,10.75975855,103.15
4500,10.75185871,103.2
4500,10.74421377,103.25
4500,10.73681584,103.3
4500,10.72965725,103.35
4500,10.72273052,103.4
4500,10.71602842,103.45
4500,10.70954391,103.5
4500,10.70327014,103.55
4500,10.69720049,103.6
4500,10.6913285,103.65
4500,10.68564792,103.7
4500,10.68015268,103.75
4500,10.67483691,103.8
4500,10.66969489,103.85
4500,10.66472109,103.9
4500,10.65991015,103.95
4500,10.65525686,104.0
4500,10.6507562,104.05
4500,10.64640327,104.1
4500,10.64219335,104.15
4500,10.63812185,104.2
4500,10.63418434,104.25
4500,10.63037651,104.3
4500,10.62669419,104.35
4500,10.62313336,104.4
4500,10.61969011,104.45
4500,10.61636064,104.5
4500,10.6131413,104.55
4500,10.61002853,104.6
4500,10.60701889,104.65
4500,10.60410905,104.7
4500,10.60129579,104.75
4500,10.59857599,104.8
4500,10.59594661,104.85
4500,10.59340478,104.9
4500,10.59094764,104.95
4500,10.58857244,105.0
4500,10.58627651,105.05
4500,10.58405727,105.1
4500,10.58191222,105.15
4500,10.57983894,105.2
4500,10.57783508,105.25
4500,10.57589837,105.3
4500,10.57402661,105.35
4500,10.57221768,105.4
4500,10.5704695,105.45
4500,10.56878009,105.5
4500,10.5671475,105.55
4500,10.56556987,105.6
4500,10.56404538,105.65
4500,10.56257228,105.7
4500,10.56114887,105.75
4500,10.5597735,105.8
4500,10.55844458,105.85
4500,10.55716057,105.9
4500,10.55591998,105.95
4500,10.55472137,106.0
4500,10.55356333,106.05
4500,10.55244452,106.1
4500,10.55136362,106.15
4500,10.55031937,106.2
4500,10.54931055,106.25
4500,10.54833596,106.3
4500,10.54739447,106.35
4500,10.54648495,106.4
4500,10.54560635,106.45
4500,10.54475762,106.5
4500,10.54393775,106.55
4500,10.54314578,106.6
4500,10.54238077,106.65
4500,10.5416418,106.7
4500,10.540928,106.75
4500,10.54023852,106.8
4500,10.53957254,106.85
4500,10.53892927,106.9
4500,10.53830793,106.95
4500,10.53770778,107.0
4500,10.53712811,107.05
4500,10.53656823,107.1
4500,10.53602745,107.15
4500,10.53550514,107.2
4500,10.53500067,107.25
4500,10.53451343,107.3
4500,10.53404283,107.35
4500,10.53358831,107.4
4500,10.53314933,107.45
4500,10.53272536,107.5
4500,10.53231587,107.55
4500,10.53192039,107.6
4500,10.53153844,107.65
4500,10.53116955,107.7
4500,10.53081327,107.75
4500,10.53046919,107.8
4500,10.53013688,107.85
4500,10.52981593,107.9
4500,10.52950598,107.95
4500,10.52920663,108.0
4500,10.52891753,108.05
4500,10.52863832,108.1
4500,10.52836867,108.15
4500,10.52810826,108.2
4500,10.52785676,108.25
4500,10.52761387,108.3
4500,10.52737931,108.35
4500,10.52715277,108.4
4500,10.526934,108.45
4500,10.52672271,108.5
4500,10.52651867,108.55
4500,10.52632161,108.6
4500,10.52613131,108.65
4500,10.52594752,108.7
4500,10.52577003,108.75
4500,10.52559862,108.8
4500,10.52543309,108.85
4500,10.52527323,108.9
4500,10.52511884,108.95
4500,10.52496975,109.0
4500,10.52482576,109.05
4500,10.52468671,109.1
4500,10.52455243,109.15
4500,10.52442275,109.2
4500,10.52429751,109.25
4500,10.52417656,109.3
4500,10.52405976,109.35
4500,10.52394696,109.4
4500,10.52383803,109.45
4500,10.52373284,109.5
4500,10.52363125,109.55
4500,10.52353314,109.6
4500,10.52343839,109.65
4500,10.5233469,109.7
4500,10.52325854,109.75
4500,10.52317321,109.8
4500,10.5230908,109.85
4500,10.52301122,109.9
4500,10.52293437,109.95
4500,10.52286015,110.0
4500,10.52278848,110.05
4500,10.52271927,110.1
4500,10.52265243,110.15
4500,10.52258788,110.2
4500,10.52252554,110.25
4500,10.52246535,110.3
4500,10.52240721,110.35
4500,10.52235107,110.4
4500,10.52229686,110.45
4500,10.5222445,110.5
4500,10.52219394,110.55
4500,10.52214511,110.6
4500,10.52209796,110.65
4500,10.52205243,110.7
4500,10.52200846,110.75
4500,10.52196599,110.8
4500,10.52192498,110.85
4500,10.52188538,110.9
4500,10.52184714,110.95
4500,10.52181021,111.0
4500,10.52177455,111.05
4500,10.5217401,111.1
4500,10.52170684,111.15
4500,10.52167473,111.2
4500,10.52164371,111.25
4500,10.52161376,111.3
4500,10.52158483,111.35
4500,10.5215569,111.4
4500,10.52152993,111.45
4500,10.52150388,111.5
4500,10.52147872,111.55
4500,10.52145443,111.6
4500,10.52143097,111.65
4500,10.52140832,111.7
4500,10.52138644,111.75
4500,10.52136531,111.8
4500,10.52134491,111.85
4500,10.52132521,111.9
4500,10.52130619,111.95
4500,10.52128782,112.0
4500,10.52127007,112.05
4500,10.52125294,112.1
4500,10.5212364,112.15
4500,10.52122042,112.2
4500,10.52120499,112.25
4500,10.52119009,112.3
4500,10.5211757,112.35
4500,10.52116181,112.4
4500,10.52114839,112.45
4500,10.52113544,112.5
4500,10.52112292,112.55
4500,10.52111084,112.6
4500,10.52109917,112.65
4500,10.52108791,112.7
4500,10.52107703,112.75
4500,10.52106652,112.8
4500,10.52105637,112.85
4500,10.52104657,112.9
4500,10.52103711,112.95
4500,10.52102797,113.0
4500,10.52101915,113.05
4500,10.52101063,113.1
4500,10.5210024,113.15
4500,10.52099446,113.2
4500,10.52098678,113.25
4500,10.52097937,113.3
4500,10.52097222,113.35
4500,10.52096531,113.4
4500,10.52095864,113.45
4500,10.52095219,113.5
4500,10.52094597,113.55
4500,10.52093996,113.6
4500,10.52093416,113.65
4500,10.52092856,113.7
4500,10.52092315,113.75
4500,10.52091792,113.8
4500,10.52091287,113.85
4500,10.520908,113.9
4500,10.5209033,113.95
4500,10.52089875,114.0
4500,10.52089437,114.05
4500,10.52089013,114.1
4500,10.52088604,114.15
4500,10.52088209,114.2
4500,10.52087827,114.25
4500,10.52087459,114.3
4500,10.52087103,114.35
4500,10.52086759,114.4
4500,10.52086428,114.45
4500,10.52086107,114.5
4500,10.52085798,114.55
4500,10.52085499,114.6
4500,10.52085211,114.65
4500,10.52084932,114.7
4500,10.52084663,114.75
4500,10.52084403,114.8
4500,10.52084152,114.85
4500,10.5208391,114.9
4500,10.52083676,114.95
4500,10.5208345,115.0
4500,10.52083232,115.05
4500,10.52083021,115.1
4500,10.52082818,115.15
4500,10.52082621,115.2
4500,10.52082432,115.25
4500,10.52082249,115.3
4500,10.52082072,115.35
4500,10.52081901,115.4
4500,10.52081736,115.45
4500,10.52081577,115.5
4500,10.52081423,115.55
4500,10.52081274,115.6
4500,10.52081131,115.65
4500,10.52080992,115.7
4500,10.52080858,115.75
4500,10.52080729,115.8
4500,10.52080605,115.85
4500,10.52080484,115.9
4500,10.52080368,115.95
4500,10.52080256,116.0
4500,10.52080147,116.05
4500,10.52080042,116.1
4500,10.52079941,116.15
4500,10.52079844,116.2
4500,10.52079749,116.25
4500,10.52079658,116.3
4500,10.5207957,116.35
4500,10.52079485,116.4
4500,10.52079403,116.45
4500,10.52079324,116.5
4500,10.52079248,116.55
4500,10.52079174,116.6
4500,10.52079102,116.65
4500,10.52079034,116.7
4500,10.52078967,116.75
4500,10.52078903,116.8
4500,10.52078841,116.85
4500,10.52078781,116.9
4500,10.52078723,116.95
4500,10.52078667,117.0
4500,10.52078613,117.05
4500,10.52078561,117.1
4500,10.52078511,117.15
4500,10.52078462,117.2
4500,10.52078416,117.25
4500,10.5207837,117.3
4500,10.52078327,117.35
4500,10.52078284,117.4
4500,10.52078244,117.45
4500,10.52078204,117.5
4500,10.52078166,117.55
4500,10.52078129,117.6
4500,10.52078094,117.65
4500,10.5207806,117.7
4500,10.52078027,117.75
4500,10.52077995,117.8
4500,10.52077964,117.85
4500,10.52077934,117.9
4500,10.52077905,117.95
4500,10.52077878,118.0
4500,10.52077851,118.05
4500,10.52077825,118.1
4500,10.520778,118.15
4500,10.52077776,118.2
4500,10.52077753,118.25
4500,10.5207773,118.3
4500,10.52077708,118.35
4500,10.52077687,118.4
4500,10.52077667,118.45
4500,10.52077647,118.5
4500,10.52077629,118.55
4500,10.5207761,118.6
4500,10.52077593,118.65
4500,10.52077576,118.7
4500,10.52077559,118.75
4500,10.52077543,118.8
4500,10.52077528,118.85
4500,10.52077513,118.9
4500,10.52077499,118.95
4500,10.52077485,119.0
4500,10.52077472,119.05
4500,10.52077459,119.1
4500,10.52077447,119.15
4500,10.52077435,119.2
4500,10.52077423,119.25
4500,10.52077412,119.3
4500,10.52077401,119.35
4500,10.52077391,119.4
4500,10.5207738,119.45
4500,10.52077371,119.5
4500,10.52077361,119.55
4500,10.52077352,119.6
4500,10.52077343,119.65
4500,10.52077335,119.7
4500,10.52077327,119.75
4500,10.52077319,119.8
4500,10.52077311,119.85
4500,10.52077304,119.9
4500,10.52077297,119.95
4500,10.5207729,120.0
4500,10.52077283,120.05
4500,10.52077277,120.1
4500,10.52077271,120.15
4500,10.52077265,120.2
4500,10.52077259,120.25
4500,10.52077254,120.3
4500,10.52077248,120.35
4500,10.52077243,120.4
4500,10.52077238,120.45
4500,10.52077233,120.5
4500,10.52077228,120.55
4500,10.52077224,120.6
4500,10.5207722,120.65
4500,10.52077215,120.7
4500,10.52077211,120.75
4500,10.52077207,120.8
4500,10.52077204,120.85
4500,10.520772,120.9
4500,10.52077196,120.95
4500,10.52077193,121.0
4500,10.5207719,121.05
4500,10.52077187,121.1
4500,10.52077183,121.15
4500,10.5207718,121.2
4500,10.52077178,121.25
4500,10.52077175,121.3
4500,10.52077172,121.35
4500,10.5207717,121.4
4500,10.52077167,121.45
4500,10.52077165,121.5
4500,10.52077162,121.55
4500,10.5207716,121.6
4500,10.52077158,121.65
4500,10.52077156,121.7
4500,10.52077154,121.75
4500,10.52077152,121.8
4500,10.5207715,121.85
4500,10.52077148,121.9
4500,10.52077146,121.95
4500,10.52077145,122.0
4500,10.52077143,122.05
4500,10.52077142,122.1
4500,10.5207714,122.15
4500,10.52077139,122.2
4500,10.52077137,122.25
4500,10.52077136,122.3
4500,10.52077134,122.35
4500,10.52077133,122.4
4500,10.52077132,122.45
4500,10.52077131,122.5
4500,10.5207713,122.55
4500,10.52077128,122.6
4500,10.52077127,122.65
4500,10.52077126,122.7
4500,10.52077125,122.75
4500,10.52077124,122.8
4500,10.52077123,122.85
4500,10.52077122,122.9
4500,10.52077122,122.95
4500,10.52077121,123.0
4500,10.5207712,123.05
4500,10.52077119,123.1
4500,10.52077118,123.15
4500,10.52077118,123.2
4500,10.52077117,123.25
4500,10.52077116,123.3
4500,10.52077116,123.35
4500,10.52077115,123.4
4500,10.52077114,123.45
4500,10.52077114,123.5
4500,10.52077113,123.55
4500,10.52077113,123.6
4500,10.52077112,123.65
4500,10.52077112,123.7
4500,10.52077111,123.75
4500,10.52077111,123.8
4500,10.5207711,123.85
4500,10.5207711,123.9
4500,10.52077109,123.95
4500,10.52077109,124.0
4500,10.52077108,124.05
4500,10.52077108,124.1
4500,10.52077108,124.15
4500,10.52077107,124.2
4500,10.52077107,124.25
4500,10.52077107,124.3
4500,10.52077106,124.35
4500,10.52077106,124.4
4500,10.52077106,124.45
4500,10.52077105,124.5
4500,10.52077105,124.55
4500,10.52077105,124.6
4500,10.52077105,124.65
4500,10.52077104,124.7
4500,10.52077104,124.75
4500,10.52077104,124.8
4500,10.52077104,124.85
4500,10.52077103,124.9
4500,10.52077103,124.95
4500,10.52077103,125.0
4500,10.52077103,125.05
4500,10.52077103,125.1
4500,10.52077102,125.15
4500,10.52077102,125.2
4500,10.52077102,125.25
4500,10.52077102,125.3
4500,10.52077102,125.35
4500,10.52077101,125.4
4500,10.52077101,125.45
4500,10.52077101,125.5
4500,10.52077101,125.55
4500,10.52077101,125.6
4500,10.52077101,125.65
4500,10.52077101,125.7
4500,10.52077101,125.75
4500,10.520771,125.8
4500,10.520771,125.85
4500,10.520771,125.9
4500,10.520771,125.95
4500,10.520771,126.0
4500,10.520771,126.05
4500,10.520771,126.1
4500,10.520771,126.15
4500,10.520771,126.2
4500,10.520771,126.25
4500,10.52077099,126.3
4500,10.52077099,126.35
4500,10.52077099,126.4
4500,10.52077099,126.45
4500,10.52077099,126.5
4500,10.52077099,126.55
4500,10.52077099,126.6
4500,10.52077099,126.65
4500,10.52077099,126.7
4500,10.52077099,126.75
4500,10.52077099,126.8
4500,10.52077099,126.85
4500,10.52077099,126.9
4500,10.52077099,126.95
4500,10.52077099,127.0
4500,10.52077098,127.05
4500,10.52077098,127.1
4500,10.52077098,127.15
4500,10.52077098,127.2
4500,10.52077098,127.25
4500,10.52077098,127.3
4500,10.52077098,127.35
4500,10.52077098,127.4
4500,10.52077098,127.45
4500,10.52077098,127.5
4500,10.52077098,127.55
4500,10.52077098,127.6
4500,10.52077098,127.65
4500,10.52077098,127.7
4500,10.52077098,127.75
4500,10.52077098,127.8
4500,10.52077098,127.85
4500,10.52077098,127.9
4500,10.52077098,127.95
4500,10.52077098,128.0
4500,10.52077098,128.05
4500,10.52077098,128.1
4500,10.52077098,128.15
4500,10.52077098,128.2
4500,10.52077098,128.25
4500,10.52077098,128.3
4500,10.52077098,128.35
4500,10.52077098,128.4
4500,10.52077098,128.45
4500,10.52077098,128.5
4500,10.52077098,128.55
4500,10.52077098,128.6
4500,10.52077098,128.65
4500,10.52077098,128.7
4500,10.52077097,128.75
4500,10.52077097,128.8
4500,10.52077097,128.85
4500,10.52077097,128.9
4500,10.52077097,128.95
4500,10.52077097,129.0
4500,10.52077097,129.05
4500,10.52077097,129.1
4500,10.52077097,129.15
4500,10.52077097,129.2
4500,10.52077097,129.25
4500,10.52077097,129.3
4500,10.52077097,129.35
4500,10.52077097,129.4
4500,10.52077097,129.45
4500,10.52077097,129.5
4500,10.52077097,129.55
4500,10.52077097,129.6
4500,10.52077097,129.65
4500,10.52077097,129.7
4500,10.52077097,129.75
4500,10.52077097,129.8
4500,10.52077097,129.85
4500,10.52077097,129.9
4500,10.52077097,129.95
4500,10.52077097,130.0
4500,10.52077097,130.05
4500,10.52077097,130.1
4500,10.52077097,130.15
4500,10.52077097,130.2
4500,10.52077097,130.25
4500,10.52077097,130.3
4500,10.52077097,130.35
4500,10.52077097,130.4
4500,10.52077097,130.45
4500,10.52077097,130.5
4500,10.52077097,130.55
4500,10.52077097,130.6
4500,10.52077097,130.65
4500,10.52077097,130.7
4500,10.52077097,130.75
4500,10.52077097,130.8
4500,10.52077097,130.85
4500,10.52077097,130.9
4500,10.52077097,130.95
4500,10.52077097,131.0
4500,10.52077097,131.05
4500,10.52077097,131.1
4500,10.52077097,131.15
4500,10.52077097,131.2
4500,10.52077097,131.25
4500,10.52077097,131.3
4500,10.52077097,131.35
4500,10.52077097,131.4
4500,10.52077097,131.45
4500,10.52077097,131.5
4500,10.52077097,131.55
4500,10.52077097,131.6
4500,10.52077097,131.65
4500,10.52077097,131.7
4500,10.52077097,131.75
4500,10.52077097,131.8
4500,10.52077097,131.85
4500,10.52077097,131.9
4500,10.52077097,131.95
4500,10.52077097,132.0
4500,10.52077097,132.05
4500,10.52077097,132.1
4500,10.52077097,132.15
4500,10.52077097,132.2
4500,10.52077097,132.25
4500,10.52077097,132.3
4500,10.52077097,132.35
4500,10.52077097,132.4
4500,10.52077097,132.45
4500,10.52077097,132.5
4500,10.52077097,132.55
4500,10.52077097,132.6
4500,10.52077097,132.65
4500,10.52077097,132.7
4500,10.52077097,132.75
4500,10.52077097,132.8
4500,10.52077097,132.85
4500,10.52077097,132.9
4500,10.52077097,132.95
4500,10.52077097,133.0
4500,10.52077097,133.05
4500,10.52077097,133.1
4500,10.52077097,133.15
4500,10.52077097,133.2
4500,10.52077097,133.25
4500,10.52077097,133.3
4500,10.52077097,133.35
4500,10.52077097,133.4
4500,10.52077097,133.45
4500,10.52077097,133.5
4500,10.52077097,133.55
4500,10.52077097,133.6
4500,10.52077097,133.65
4500,10.52077097,133.7
4500,10.52077097,133.75
4500,10.52077097,133.8
4500,10.52077097,133.85
4500,10.52077097,133.9
4500,10.52077097,133.95
4500,10.52077097,134.0
4500,10.52077097,134.05
4500,10.52077097,134.1
4500,10.52077097,134.15
4500,10.52077097,134.2
4500,10.52077097,134.25
4500,10.52077097,134.3
4500,10.52077097,134.35
4500,10.52077097,134.4
4500,10.52077097,134.45
4500,10.52077097,134.5
4500,10.52077097,134.55
4500,10.52077097,134.6
4500,10.52077097,134.65
4500,10.52077097,134.7
4500,10.52077097,134.75
4500,10.52077097,134.8
4500,10.52077097,134.85
4500,10.52077097,134.9
4500,10.52077097,134.95
4500,10.52077097,135.0
4500,10.52077097,135.05
4500,10.52077097,135.1
4500,10.52077097,135.15
4500,10.52077097,135.2
4500,10.52077097,135.25
4500,10.52077097,135.3
4500,10.52077097,135.35
4500,10.52077097,135.4
4500,10.52077097,135.45
4500,10.52077097,135.5
4500,10.52077097,135.55
4500,10.52077097,135.6
4500,10.52077097,135.65
4500,10.52077097,135.7
4500,10.52077097,135.75
4500,10.52077097,135.8
4500,10.52077097,135.85
4500,10.52077097,135.9
4500,10.52077097,135.95
4500,10.52077097,136.0
4500,10.52077097,136.05
4500,10.52077097,136.1
4500,10.52077097,136.15
4500,10.52077097,136.2
4500,10.52077097,136.25
4500,10.52077097,136.3
4500,10.52077097,136.35
4500,10.52077097,136.4
4500,10.52077097,136.45
4500,10.52077097,136.5
4500,10.52077097,136.55
4500,10.52077097,136.6
4500,10.52077097,136.65
4500,10.52077097,136.7
4500,10.52077097,136.75
4500,10.52077097,136.8
4500,10.52077097,136.85
4500,10.52077097,136.9
4500,10.52077097,136.95
4500,10.52077097,137.0
4500,10.52077097,137.05
4500,10.52077097,137.1
4500,10.52077097,137.15
4500,10.52077097,137.2
4500,10.52077097,137.25
4500,10.52077097,137.3
4500,10.52077097,137.35
4500,10.52077097,137.4
4500,10.52077097,137.45
4500,10.52077097,137.5
4500,10.52077097,137.55
4500,10.52077097,137.6
4500,10.52077097,137.65
4500,10.52077097,137.7
4500,10.52077097,137.75
4500,10.52077097,137.8
4500,10.52077097,137.85
4500,10.52077097,137.9
4500,10.52077097,137.95
4500,10.52077097,138.0
4500,10.52077097,138.05
4500,10.52077097,138.1
4500,10.52077097,138.15
4500,10.52077097,138.2
4500,10.52077097,138.25
4500,10.52077097,138.3
4500,10.52077097,138.35
4500,10.52077097,138.4
4500,10.52077097,138.45
4500,10.52077097,138.5
4500,10.52077097,138.55
4500,10.52077097,138.6
4500,10.52077097,138.65
4500,10.52077097,138.7
4500,10.52077097,138.75
4500,10.52077097,138.8
4500,10.52077097,138.85
4500,10.52077097,138.9
4500,10.52077097,138.95
4500,10.52077097,139.0
4500,10.52077097,139.05
4500,10.52077097,139.1
4500,10.52077097,139.15
4500,10.52077097,139.2
4500,10.52077097,139.25
4500,10.52077097,139.3
4500,10.52077097,139.35
4500,10.52077097,139.4
4500,10.52077097,139.45
4500,10.52077097,139.5
4500,10.52077097,139.55
4500,10.52077097,139.6
4500,10.52077097,139.65
4500,10.52077097,139.7
4500,10.52077097,139.75
4500,10.52077097,139.8
4500,10.52077097,139.85
4500,10.52077097,139.9
4500,10.52077097,139.95
4500,10.52077097,140.0
4500,10.52077097,140.05
4500,10.52077097,140.1
4500,10.52077097,140.15
4500,10.52077097,140.2
4500,10.52077097,140.25
4500,10.52077097,140.3
4500,10.52077097,140.35
4500,10.52077097,140.4
4500,10.52077097,140.45
4500,10.52077097,140.5
4500,10.52077097,140.55
4500,10.52077097,140.6
4500,10.52077097,140.65
4500,10.52077097,140.7
4500,10.52077097,140.75
4500,10.52077097,140.8
4500,10.52077097,140.85
4500,10.52077097,140.9
4500,10.52077097,140.95
4500,10.52077097,141.0
4500,10.52077097,141.05
4500,10.52077097,141.1
4500,10.52077097,141.15
4500,10.52077097,141.2
4500,10.52077097,141.25
4500,10.52077097,141.3
4500,10.52077097,141.35
4500,10.52077097,141.4
4500,10.52077097,141.45
4500,10.52077097,141.5
4500,10.52077097,141.55
4500,10.52077097,141.6
4500,10.52077097,141.65
4500,10.52077097,141.7
4500,10.52077097,141.75
4500,10.52077097,141.8
4500,10.52077097,141.85
4500,10.52077097,141.9
4500,10.52077097,141.95
4500,10.52077097,142.0
4500,10.52077097,142.05
4500,10.52077097,142.1
4500,10.52077097,142.15
4500,10.52077097,142.2
4500,10.52077097,142.25
4500,10.52077097,142.3
4500,10.52077097,142.35
4500,10.52077097,142.4
4500,10.52077097,142.45
4500,10.52077097,142.5
4500,10.52077097,142.55
4500,10.52077097,142.6
4500,10.52077097,142.65
4500,10.52077097,142.7
4500,10.52077097,142.75
4500,10.52077097,142.8
4500,10.52077097,142.85
4500,10.52077097,142.9
4500,10.52077097,142.95
4500,10.52077097,143.0
4500,10.52077097,143.05
4500,10.52077097,143.1
4500,10.52077097,143.15
4500,10.52077097,143.2
4500,10.52077097,143.25
4500,10.52077097,143.3
4500,10.52077097,143.35
4500,10.52077097,143.4
4500,10.52077097,143.45
4500,10.52077097,143.5
4500,10.52077097,143.55
4500,10.52077097,143.6
4500,10.52077097,143.65
4500,10.52077097,143.7
4500,10.52077097,143.75
4500,10.52077097,143.8
4500,10.52077097,143.85
4500,10.52077097,143.9
4500,10.52077097,143.95
4500,10.52077097,144.0
4500,10.52077097,144.05
4500,10.52077097,144.1
4500,10.52077097,144.15
4500,10.52077097,144.2
4500,10.52077097,144.25
4500,10.52077097,144.3
4500,10.52077097,144.35
4500,10.52077097,144.4
4500,10.52077097,144.45
4500,10.52077097,144.5
4500,10.52077097,144.55
4500,10.52077097,144.6
4500,10.52077097,144.65
4500,10.52077097,144.7
4500,10.52077097,144.75
4500,10.52077097,144.8
4500,10.52077097,144.85
4500,10.52077097,144.9
4500,10.52077097,144.95
4500,10.52077097,145.0
4500,10.52077097,145.05
4500,10.52077097,145.1
4500,10.52077097,145.15
4500,10.52077097,145.2
4500,10.52077097,145.25
4500,10.52077097,145.3
4500,10.52077097,145.35
4500,10.52077097,145.4
4500,10.52077097,145.45
4500,10.52077097,145.5
4500,10.52077097,145.55
4500,10.52077097,145.6
4500,10.52077097,145.65
4500,10.52077097,145.7
4500,10.52077097,145.75
4500,10.52077097,145.8
4500,10.52077097,145.85
4500,10.52077097,145.9
4500,10.52077097,145.95
4500,10.52077097,146.0
4500,10.52077097,146.05
4500,10.52077097,146.1
4500,10.52077097,146.15
4500,10.52077097,146.2
4500,10.52077097,146.25
4500,10.52077097,146.3
4500,10.52077097,146.35
4500,10.52077097,146.4
4500,10.52077097,146.45
4500,10.52077097,146.5
4500,10.52077097,146.55
4500,10.52077097,146.6
4500,10.52077097,146.65
4500,10.52077097,146.7
4500,10.52077097,146.75
4500,10.52077097,146.8
4500,10.52077097,146.85
4500,10.52077097,146.9
4500,10.52077097,146.95
4500,10.52077097,147.0
4500,10.52077097,147.05
4500,10.52077097,147.1
4500,10.52077097,147.15
4500,10.52077097,147.2
4500,10.52077097,147.25
4500,10.52077097,147.3
4500,10.52077097,147.35
4500,10.52077097,147.4
4500,10.52077097,147.45
4500,10.52077097,147.5
4500,10.52077097,147.55
4500,10.52077097,147.6
4500,10.52077097,147.65
4500,10.52077097,147.7
4500,10.52077097,147.75
4500,10.52077097,147.8
4500,10.52077097,147.85
4500,10.52077097,147.9
4500,10.52077097,147.95
4500,10.52077097,148.0
4500,10.52077097,148.05
4500,10.52077097,148.1
4500,10.52077097,148.15
4500,10.52077097,148.2
4500,10.52077097,148.25
4500,10.52077097,148.3
4500,10.52077097,148.35
4500,10.52077097,148.4
4500,10.52077097,148.45
4500,10.52077097,148.5
4500,10.52077097,148.55
4500,10.52077097,148.6
4500,10.52077097,148.65
4500,10.52077097,148.7
4500,10.52077097,148.75
4500,10.52077097,148.8
4500,10.52077097,148.85
4500,10.52077097,148.9
4500,10.52077097,148.95
4500,10.52077097,149.0
4500,10.52077097,149.05
4500,10.52077097,149.1
4500,10.52077097,149.15
4500,10.52077097,149.2
4500,10.52077097,149.25
4500,10.52077097,149.3
4500,10.52077097,149.35
4500,10.52077097,149.4
4500,10.52077097,149.45
4500,10.52077097,149.5
4500,10.52077097,149.55
4500,10.52077097,149.6
4500,10.52077097,149.65
4500,10.52077097,149.7
4500,10.52077097,149.75
4500,10.52077097,149.8
4500,10.52077097,149.85
4500,10.52077097,149.9
4500,10.52077097,149.95
4500,10.52077097,150.0
4500,10.52077097,150.05
4500,10.52077097,150.1
4500,10.52077097,150.15
4500,10.52077097,150.2
4500,10.52077097,150.25
4500,10.52077097,150.3
4500,10.52077097,150.35
4500,10.52077097,150.4
4500,10.52077097,150.45
4500,10.52077097,150.5
4500,10.52077097,150.55
4500,10.52077097,150.6
4500,10.52077097,150.65
4500,10.52077097,150.7
4500,10.52077097,150.75
4500,10.52077097,150.8
4500,10.52077097,150.85
4500,10.52077097,150.9
4500,10.52077097,150.95
4500,10.52077097,151.0
4500,10.52077097,151.05
4500,10.52077097,151.1
4500,10.52077097,151.15
4500,10.52077097,151.2
4500,10.52077097,151.25
4500,10.52077097,151.3
4500,10.52077097,151.35
4500,10.52077097,151.4
4500,10.52077097,151.45
4500,10.52077097,151.5
4500,10.52077097,151.55
4500,10.52077097,151.6
4500,10.52077097,151.65
4500,10.52077097,151.7
4500,10.52077097,151.75
4500,10.52077097,151.8
4500,10.52077097,151.85
4500,10.52077097,151.9
4500,10.52077097,151.95
4500,10.52077097,152.0
4500,10.52077097,152.05
4500,10.52077097,152.1
4500,10.52077097,152.15
4500,10.52077097,152.2
4500,10.52077097,152.25
4500,10.52077097,152.3
4500,10.52077097,152.35
4500,10.52077097,152.4
4500,10.52077097,152.45
4500,10.52077097,152.5
4500,10.52077097,152.55
4500,10.52077097,152.6
4500,10.52077097,152.65
4500,10.52077097,152.7
4500,10.52077097,152.75
4500,10.52077097,152.8
4500,10.52077097,152.85
4500,10.52077097,152.9
4500,10.52077097,152.95
4500,10.52077097,153.0
4500,10.52077097,153.05
4500,10.52077097,153.1
4500,10.52077097,153.15
4500,10.52077097,153.2
4500,10.52077097,153.25
4500,10.52077097,153.3
4500,10.52077097,153.35
4500,10.52077097,153.4
4500,10.52077097,153.45
4500,10.52077097,153.5
4500,10.52077097,153.55
4500,10.52077097,153.6
4500,10.52077097,153.65
4500,10.52077097,153.7
4500,10.52077097,153.75
4500,10.52077097,153.8
4500,10.52077097,153.85
4500,10.52077097,153.9
4500,10.52077097,153.95
4500,10.52077097,154.0
4500,10.52077097,154.05
4500,10.52077097,154.1
4500,10.52077097,154.15
4500,10.52077097,154.2
4500,10.52077097,154.25
4500,10.52077097,154.3
4500,10.52077097,154.35
4500,10.52077097,154.4
4500,10.52077097,154.45
4500,10.52077097,154.5
4500,10.52077097,154.55
4500,10.52077097,154.6
4500,10.52077097,154.65
4500,10.52077097,154.7
4500,10.52077097,154.75
4500,10.52077097,154.8
4500,10.52077097,154.85
4500,10.52077097,154.9
4500,10.52077097,154.95
4500,10.52077097,155.0
4500,10.52077097,155.05
4500,10.52077097,155.1
4500,10.52077097,155.15
4500,10.52077097,155.2
4500,10.52077097,155.25
4500,10.52077097,155.3
4500,10.52077097,155.35
4500,10.52077097,155.4
4500,10.52077097,155.45
4500,10.52077097,155.5
4500,10.52077097,155.55
4500,10.52077097,155.6
4500,10.52077097,155.65
4500,10.52077097,155.7
4500,10.52077097,155.75
4500,10.52077097,155.8
4500,10.52077097,155.85
4500,10.52077097,155.9
4500,10.52077097,155.95
4500,10.52077097,156.0
4500,10.52077097,156.05
4500,10.52077097,156.1
4500,10.52077097,156.15
4500,10.52077097,156.2
4500,10.52077097,156.25
4500,10.52077097,156.3
4500,10.52077097,156.35
4500,10.52077097,156.4
4500,10.52077097,156.45
4500,10.52077097,156.5
4500,10.52077097,156.55
4500,10.52077097,156.6
4500,10.52077097,156.65
4500,10.52077097,156.7
4500,10.52077097,156.75
4500,10.52077097,156.8
4500,10.52077097,156.85
4500,10.52077097,156.9
4500,10.52077097,156.95
4500,10.52077097,157.0
4500,10.52077097,157.05
4500,10.52077097,157.1
4500,10.52077097,157.15
4500,10.52077097,157.2
4500,10.52077097,157.25
4500,10.52077097,157.3
4500,10.52077097,157.35
4500,10.52077097,157.4
4500,10.52077097,157.45
4500,10.52077097,157.5
4500,10.52077097,157.55
4500,10.52077097,157.6
4500,10.52077097,157.65
4500,10.52077097,157.7
4500,10.52077097,157.75
4500,10.52077097,157.8
4500,10.52077097,157.85
4500,10.52077097,157.9
4500,10.52077097,157.95
4500,10.52077097,158.0
4500,10.52077097,158.05
4500,10.52077097,158.1
4500,10.52077097,158.15
4500,10.52077097,158.2
4500,10.52077097,158.25
4500,10.52077097,158.3
4500,10.52077097,158.35
4500,10.52077097,158.4
4500,10.52077097,158.45
4500,10.52077097,158.5
4500,10.52077097,158.55
4500,10.52077097,158.6
4500,10.52077097,158.65
4500,10.52077097,158.7
4500,10.52077097,158.75
4500,10.52077097,158.8
4500,10.52077097,158.85
4500,10.52077097,158.9
4500,10.52077097,158.95
4500,10.52077097,159.0
4500,10.52077097,159.05
4500,10.52077097,159.1
4500,10.52077097,159.15
4500,10.52077097,159.2
4500,10.52077097,159.25
4500,10.52077097,159.3
4500,10.52077097,159.35
4500,10.52077097,159.4
4500,10.52077097,159.45
4500,10.52077097,159.5
4500,10.52077097,159.55
4500,10.52077097,159.6
4500,10.52077097,159.65
4500,10.52077097,159.7
4500,10.52077097,159.75
4500,10.52077097,159.8
4500,10.52077097,159.85
4500,10.52077097,159.9
4500,10.52077097,159.95
4500,10.52077097,160.0
4500,10.52077097,160.05
4500,10.52077097,160.1
4500,10.52077097,160.15
4500,10.52077097,160.2
4500,10.52077097,160.25
4500,10.52077097,160.3
4500,10.52077097,160.35
4500,10.52077097,160.4
4500,10.52077097,160.45
4500,10.52077097,160.5
4500,10.52077097,160.55
4500,10.52077097,160.6
4500,10.52077097,160.65
4500,10.52077097,160.7
4500,10.52077097,160.75
4500,10.52077097,160.8
4500,10.52077097,160.85
4500,10.52077097,160.9
4500,10.52077097,160.95
4500,10.52077097,161.0
4500,10.52077097,161.05
4500,10.52077097,161.1
4500,10.52077097,161.15
4500,10.52077097,161.2
4500,10.52077097,161.25
4500,10.52077097,161.3
4500,10.52077097,161.35
4500,10.52077097,161.4
4500,10.52077097,161.45
4500,10.52077097,161.5
4500,10.52077097,161.55
4500,10.52077097,161.6
4500,10.52077097,161.65
4500,10.52077097,161.7
4500,10.52077097,161.75
4500,10.52077097,161.8
4500,10.52077097,161.85
4500,10.52077097,161.9
4500,10.52077097,161.95
4500,10.52077097,162.0
4500,10.52077097,162.05
4500,10.52077097,162.1
4500,10.52077097,162.15
4500,10.52077097,162.2
4500,10.52077097,162.25
4500,10.52077097,162.3
4500,10.52077097,162.35
4500,10.52077097,162.4
4500,10.52077097,162.45
4500,10.52077097,162.5
4500,10.52077097,162.55
4500,10.52077097,162.6
4500,10.52077097,162.65
4500,10.52077097,162.7
4500,10.52077097,162.75
4500,10.52077097,162.8
4500,10.52077097,162.85
4500,10.52077097,162.9
4500,10.52077097,162.95
4500,10.52077097,163.0
4500,10.52077097,163.05
4500,10.52077097,163.1
4500,10.52077097,163.15
4500,10.52077097,163.2
4500,10.52077097,163.25
4500,10.52077097,163.3
4500,10.52077097,163.35
4500,10.52077097,163.4
4500,10.52077097,163.45
4500,10.52077097,163.5
4500,10.52077097,163.55
4500,10.52077097,163.6
4500,10.52077097,163.65
4500,10.52077097,163.7
4500,10.52077097,163.75
4500,10.52077097,163.8
4500,10.52077097,163.85
4500,10.52077097,163.9
4500,10.52077097,163.95
4500,10.52077097,164.0
4500,10.52077097,164.05
4500,10.52077097,164.1
4500,10.52077097,164.15
4500,10.52077097,164.2
4500,10.52077097,164.25
4500,10.52077097,164.3
4500,10.52077097,164.35
4500,10.52077097,164.4
4500,10.52077097,164.45
4500,10.52077097,164.5
4500,10.52077097,164.55
4500,10.52077097,164.6
4500,10.52077097,164.65
4500,10.52077097,164.7
4500,10.52077097,164.75
4500,10.52077097,164.8
4500,10.52077097,164.85
4500,10.52077097,164.9
4500,10.52077097,164.95
4500,10.52077097,165.0
4500,10.52077097,165.05
4500,10.52077097,165.1
4500,10.52077097,165.15
4500,10.52077097,165.2
4500,10.52077097,165.25
4500,10.52077097,165.3
4500,10.52077097,165.35
4500,10.52077097,165.4
4500,10.52077097,165.45
4500,10.52077097,165.5
4500,10.52077097,165.55
4500,10.52077097,165.6
4500,10.52077097,165.65
4500,10.52077097,165.7
4500,10.52077097,165.75
4500,10.52077097,165.8
4500,10.52077097,165.85
4500,10.52077097,165.9
4500,10.52077097,165.95
4500,10.52077097,166.0
4500,10.52077097,166.05
4500,10.52077097,166.1
4500,10.52077097,166.15
4500,10.52077097,166.2
4500,10.52077097,166.25
4500,10.52077097,166.3
4500,10.52077097,166.35
4500,10.52077097,166.4
4500,10.52077097,166.45
4500,10.52077097,166.5
4500,10.52077097,166.55
4500,10.52077097,166.6
4500,10.52077097,166.65
4500,10.52077097,166.7
4500,10.52077097,166.75
4500,10.52077097,166.8
4500,10.52077097,166.85
4500,10.52077097,166.9
4500,10.52077097,166.95
4500,10.52077097,167.0
4500,10.52077097,167.05
4500,10.52077097,167.1
4500,10.52077097,167.15
4500,10.52077097,167.2
4500,10.52077097,167.25
4500,10.52077097,167.3
4500,10.52077097,167.35
4500,10.52077097,167.4
4500,10.52077097,167.45
4500,10.52077097,167.5
4500,10.52077097,167.55
4500,10.52077097,167.6
4500,10.52077097,167.65
4500,10.52077097,167.7
4500,10.52077097,167.75
4500,10.52077097,167.8
4500,10.52077097,167.85
4500,10.52077097,167.9
4500,10.52077097,167.95
4500,10.52077097,168.0
4500,10.52077097,168.05
4500,10.52077097,168.1
4500,10.52077097,168.15
4500,10.52077097,168.2
4500,10.52077097,168.25
4500,10.52077097,168.3
4500,10.52077097,168.35
4500,10.52077097,168.4
4500,10.52077097,168.45
4500,10.52077097,168.5
4500,10.52077097,168.55
4500,10.52077097,168.6
4500,10.52077097,168.65
4500,10.52077097,168.7
4500,10.52077097,168.75
4500,10.52077097,168.8
4500,10.52077097,168.85
4500,10.52077097,168.9
4500,10.52077097,168.95
4500,10.52077097,169.0
4500,10.52077097,169.05
4500,10.52077097,169.1
4500,10.52077097,169.15
4500,10.52077097,169.2
4500,10.52077097,169.25
4500,10.52077097,169.3
4500,10.52077097,169.35
4500,10.52077097,169.4
4500,10.52077097,169.45
4500,10.52077097,169.5
4500,10.52077097,169.55
4500,10.52077097,169.6
4500,10.52077097,169.65
4500,10.52077097,169.7
4500,10.52077097,169.75
4500,10.52077097,169.8
4500,10.52077097,169.85
4500,10.52077097,169.9
4500,10.52077097,169.95
4500,10.52077097,170.0
4500,10.52077097,170.05
4500,10.52077097,170.1
4500,10.52077097,170.15
4500,10.52077097,170.2
4500,10.52077097,170.25
4500,10.52077097,170.3
4500,10.52077097,170.35
4500,10.52077097,170.4
4500,10.52077097,170.45
4500,10.52077097,170.5
4500,10.52077097,170.55
4500,10.52077097,170.6
4500,10.52077097,170.65
4500,10.52077097,170.7
4500,10.52077097,170.75
4500,10.52077097,170.8
4500,10.52077097,170.85
4500,10.52077097,170.9
4500,10.52077097,170.95
4500,10.52077097,171.0
4500,10.52077097,171.05
4500,10.52077097,171.1
4500,10.52077097,171.15
4500,10.52077097,171.2
4500,10.52077097,171.25
4500,10.52077097,171.3
4500,10.52077097,171.35
4500,10.52077097,171.4
4500,10.52077097,171.45
4500,10.52077097,171.5
4500,10.52077097,171.55
4500,10.52077097,171.6
4500,10.52077097,171.65
4500,10.52077097,171.7
4500,10.52077097,171.75
4500,10.52077097,171.8
4500,10.52077097,171.85
4500,10.52077097,171.9
4500,10.52077097,171.95
4500,10.52077097,172.0
4500,10.52077097,172.05
4500,10.52077097,172.1
4500,10.52077097,172.15
4500,10.52077097,172.2
4500,10.52077097,172.25
4500,10.52077097,172.3
4500,10.52077097,172.35
4500,10.52077097,172.4
4500,10.52077097,172.45
4500,10.52077097,172.5
4500,10.52077097,172.55
4500,10.52077097,172.6
4500,10.52077097,172.65
4500,10.52077097,172.7
4500,10.52077097,172.75
4500,10.52077097,172.8
4500,10.52077097,172.85
4500,10.52077097,172.9
4500,10.52077097,172.95
4500,10.52077097,173.0
4500,10.52077097,173.05
4500,10.52077097,173.1
4500,10.52077097,173.15
4500,10.52077097,173.2
4500,10.52077097,173.25
4500,10.52077097,173.3
4500,10.52077097,173.35
4500,10.52077097,173.4
4500,10.52077097,173.45
4500,10.52077097,173.5
4500,10.52077097,173.55
4500,10.52077097,173.6
4500,10.52077097,173.65
4500,10.52077097,173.7
4500,10.52077097,173.75
4500,10.52077097,173.8
4500,10.52077097,173.85
4500,10.52077097,173.9
4500,10.52077097,173.95
4500,10.52077097,174.0
4500,10.52077097,174.05
4500,10.52077097,174.1
4500,10.52077097,174.15
4500,10.52077097,174.2
4500,10.52077097,174.25
4500,10.52077097,174.3
4500,10.52077097,174.35
4500,10.52077097,174.4
4500,10.52077097,174.45
4500,10.52077097,174.5
4500,10.52077097,174.55
4500,10.52077097,174.6
4500,10.52077097,174.65
4500,10.52077097,174.7
4500,10.52077097,174.75
4500,10.52077097,174.8
4500,10.52077097,174.85
4500,10.52077097,174.9
4500,10.52077097,174.95
4500,10.52077097,175.0
4500,10.52077097,175.05
4500,10.52077097,175.1
4500,10.52077097,175.15
4500,10.52077097,175.2
4500,10.52077097,175.25
4500,10.52077097,175.3
4500,10.52077097,175.35
4500,10.52077097,175.4
4500,10.52077097,175.45
4500,10.52077097,175.5
4500,10.52077097,175.55
4500,10.52077097,175.6
4500,10.52077097,175.65
4500,10.52077097,175.7
4500,10.52077097,175.75
4500,10.52077097,175.8
4500,10.52077097,175.85
4500,10.52077097,175.9
4500,10.52077097,175.95
4500,10.52077097,176.0
4500,10.52077097,176.05
4500,10.52077097,176.1
4500,10.52077097,176.15
4500,10.52077097,176.2
4500,10.52077097,176.25
4500,10.52077097,176.3
4500,10.52077097,176.35
4500,10.52077097,176.4
4500,10.52077097,176.45
4500,10.52077097,176.5
4500,10.52077097,176.55
4500,10.52077097,176.6
4500,10.52077097,176.65
4500,10.52077097,176.7
4500,10.52077097,176.75
4500,10.52077097,176.8
4500,10.52077097,176.85
4500,10.52077097,176.9
4500,10.52077097,176.95
4500,10.52077097,177.0
4500,10.52077097,177.05
4500,10.52077097,177.1
4500,10.52077097,177.15
4500,10.52077097,177.2
4500,10.52077097,177.25
4500,10.52077097,177.3
4500,10.52077097,177.35
4500,10.52077097,177.4
4500,10.52077097,177.45
4500,10.52077097,177.5
4500,10.52077097,177.55
4500,10.52077097,177.6
4500,10.52077097,177.65
4500,10.52077097,177.7
4500,10.52077097,177.75
4500,10.52077097,177.8
4500,10.52077097,177.85
4500,10.52077097,177.9
4500,10.52077097,177.95
4500,10.52077097,178.0
4500,10.52077097,178.05
4500,10.52077097,178.1
4500,10.52077097,178.15
4500,10.52077097,178.2
4500,10.52077097,178.25
4500,10.52077097,178.3
4500,10.52077097,178.35
4500,10.52077097,178.4
4500,10.52077097,178.45
4500,10.52077097,178.5
4500,10.52077097,178.55
4500,10.52077097,178.6
4500,10.52077097,178.65
4500,10.52077097,178.7
4500,10.52077097,178.75
4500,10.52077097,178.8
4500,10.52077097,178.85
4500,10.52077097,178.9
4500,10.52077097,178.95
4500,10.52077097,179.0
4500,10.52077097,179.05
4500,10.52077097,179.1
4500,10.52077097,179.15
4500,10.52077097,179.2
4500,10.52077097,179.25
4500,10.52077097,179.3
4500,10.52077097,179.35
4500,10.52077097,179.4
4500,10.52077097,179.45
4500,10.52077097,179.5
4500,10.52077097,179.55
4500,10.52077097,179.6
4500,10.52077097,179.65
4500,10.52077097,179.7
4500,10.52077097,179.75
4500,10.52077097,179.8
4500,10.52077097,179.85
4500,10.52077097,179.9
4500,10.52077097,179.95
4500,10.52077097,180.0
4500,10.52077097,180.05
4500,10.52077097,180.1
4500,10.52077097,180.15
4500,10.52077097,180.2
4500,10.52077097,180.25
4500,10.52077097,180.3
4500,10.52077097,180.35
4500,10.52077097,180.4
4500,10.52077097,180.45
4500,10.52077097,180.5
4500,10.52077097,180.55
4500,10.52077097,180.6
4500,10.52077097,180.65
4500,10.52077097,180.7
4500,10.52077097,180.75
4500,10.52077097,180.8
4500,10.52077097,180.85
4500,10.52077097,180.9
4500,10.52077097,180.95
4500,10.52077097,181.0
4500,10.52077097,181.05
4500,10.52077097,181.1
4500,10.52077097,181.15
4500,10.52077097,181.2
4500,10.52077097,181.25
4500,10.52077097,181.3
4500,10.52077097,181.35
4500,10.52077097,181.4
4500,10.52077097,181.45
4500,10.52077097,181.5
4500,10.52077097,181.55
4500,10.52077097,181.6
4500,10.52077097,181.65
4500,10.52077097,181.7
4500,10.52077097,181.75
4500,10.52077097,181.8
4500,10.52077097,181.85
4500,10.52077097,181.9
4500,10.52077097,181.95
4500,10.52077097,182.0
4500,10.52077097,182.05
4500,10.52077097,182.1
4500,10.52077097,182.15
4500,10.52077097,182.2
4500,10.52077097,182.25
4500,10.52077097,182.3
4500,10.52077097,182.35
4500,10.52077097,182.4
4500,10.52077097,182.45
4500,10.52077097,182.5
4500,10.52077097,182.55
4500,10.52077097,182.6
4500,10.52077097,182.65
4500,10.52077097,182.7
4500,10.52077097,182.75
4500,10.52077097,182.8
4500,10.52077097,182.85
4500,10.52077097,182.9
4500,10.52077097,182.95
4500,10.52077097,183.0
4500,10.52077097,183.05
4500,10.52077097,183.1
4500,10.52077097,183.15
4500,10.52077097,183.2
4500,10.52077097,183.25
4500,10.52077097,183.3
4500,10.52077097,183.35
4500,10.52077097,183.4
4500,10.52077097,183.45
4500,10.52077097,183.5
4500,10.52077097,183.55
4500,10.52077097,183.6
4500,10.52077097,183.65
4500,10.52077097,183.7
4500,10.52077097,183.75
4500,10.52077097,183.8
4500,10.52077097,183.85
4500,10.52077097,183.9
4500,10.52077097,183.95
4500,10.52077097,184.0
4500,10.52077097,184.05
4500,10.52077097,184.1
4500,10.52077097,184.15
4500,10.52077097,184.2
4500,10.52077097,184.25
4500,10.52077097,184.3
4500,10.52077097,184.35
4500,10.52077097,184.4
4500,10.52077097,184.45
4500,10.52077097,184.5
4500,10.52077097,184.55
4500,10.52077097,184.6
4500,10.52077097,184.65
4500,10.52077097,184.7
4500,10.52077097,184.75
4500,10.52077097,184.8
4500,10.52077097,184.85
4500,10.52077097,184.9
4500,10.52077097,184.95
4500,10.52077097,185.0
4500,10.52077097,185.05
4500,10.52077097,185.1
4500,10.52077097,185.15
4500,10.52077097,185.2
4500,10.52077097,185.25
4500,10.52077097,185.3
4500,10.52077097,185.35
4500,10.52077097,185.4
4500,10.52077097,185.45
4500,10.52077097,185.5
4500,10.52077097,185.55
4500,10.52077097,185.6
4500,10.52077097,185.65
4500,10.52077097,185.7
4500,10.52077097,185.75
4500,10.52077097,185.8
4500,10.52077097,185.85
4500,10.52077097,185.9
4500,10.52077097,185.95
4500,10.52077097,186.0
4500,10.52077097,186.05
4500,10.52077097,186.1
4500,10.52077097,186.15
4500,10.52077097,186.2
4500,10.52077097,186.25
4500,10.52077097,186.3
4500,10.52077097,186.35
4500,10.52077097,186.4
4500,10.52077097,186.45
4500,10.52077097,186.5
4500,10.52077097,186.55
4500,10.52077097,186.6
4500,10.52077097,186.65
4500,10.52077097,186.7
4500,10.52077097,186.75
4500,10.52077097,186.8
4500,10.52077097,186.85
4500,10.52077097,186.9
4500,10.52077097,186.95
4500,10.52077097,187.0
4500,10.52077097,187.05
4500,10.52077097,187.1
4500,10.52077097,187.15
4500,10.52077097,187.2
4500,10.52077097,187.25
4500,10.52077097,187.3
4500,10.52077097,187.35
4500,10.52077097,187.4
4500,10.52077097,187.45
4500,10.52077097,187.5
4500,10.52077097,187.55
4500,10.52077097,187.6
4500,10.52077097,187.65
4500,10.52077097,187.7
4500,10.52077097,187.75
4500,10.52077097,187.8
4500,10.52077097,187.85
4500,10.52077097,187.9
4500,10.52077097,187.95
4500,10.52077097,188.0
4500,10.52077097,188.05
4500,10.52077097,188.1
4500,10.52077097,188.15
4500,10.52077097,188.2
4500,10.52077097,188.25
4500,10.52077097,188.3
4500,10.52077097,188.35
4500,10.52077097,188.4
4500,10.52077097,188.45
4500,10.52077097,188.5
4500,10.52077097,188.55
4500,10.52077097,188.6
4500,10.52077097,188.65
4500,10.52077097,188.7
4500,10.52077097,188.75
4500,10.52077097,188.8
4500,10.52077097,188.85
4500,10.52077097,188.9
4500,10.52077097,188.95
4500,10.52077097,189.0
4500,10.52077097,189.05
4500,10.52077097,189.1
4500,10.52077097,189.15
4500,10.52077097,189.2
4500,10.52077097,189.25
4500,10.52077097,189.3
4500,10.52077097,189.35
4500,10.52077097,189.4
4500,10.52077097,189.45
4500,10.52077097,189.5
4500,10.52077097,189.55
4500,10.52077097,189.6
4500,10.52077097,189.65
4500,10.52077097,189.7
4500,10.52077097,189.75
4500,10.52077097,189.8
4500,10.52077097,189.85
4500,10.52077097,189.9
4500,10.52077097,189.95
4500,10.52077097,190.0
4500,10.52077097,190.05
4500,10.52077097,190.1
4500,10.52077097,190.15
4500,10.52077097,190.2
4500,10.52077097,190.25
4500,10.52077097,190.3
4500,10.52077097,190.35
4500,10.52077097,190.4
4500,10.52077097,190.45
4500,10.52077097,190.5
4500,10.52077097,190.55
4500,10.52077097,190.6
4500,10.52077097,190.65
4500,10.52077097,190.7
4500,10.52077097,190.75
4500,10.52077097,190.8
4500,10.52077097,190.85
4500,10.52077097,190.9
4500,10.52077097,190.95
4500,10.52077097,191.0
4500,10.52077097,191.05
4500,10.52077097,191.1
4500,10.52077097,191.15
4500,10.52077097,191.2
4500,10.52077097,191.25
4500,10.52077097,191.3
4500,10.52077097,191.35
4500,10.52077097,191.4
4500,10.52077097,191.45
4500,10.52077097,191.5
4500,10.52077097,191.55
4500,10.52077097,191.6
4500,10.52077097,191.65
4500,10.52077097,191.7
4500,10.52077097,191.75
4500,10.52077097,191.8
4500,10.52077097,191.85
4500,10.52077097,191.9
4500,10.52077097,191.95
4500,10.52077097,192.0
4500,10.52077097,192.05
4500,10.52077097,192.1
4500,10.52077097,192.15
4500,10.52077097,192.2
4500,10.52077097,192.25
4500,10.52077097,192.3
4500,10.52077097,192.35
4500,10.52077097,192.4
4500,10.52077097,192.45
4500,10.52077097,192.5
4500,10.52077097,192.55
4500,10.52077097,192.6
4500,10.52077097,192.65
4500,10.52077097,192.7
4500,10.52077097,192.75
4500,10.52077097,192.8
4500,10.52077097,192.85
4500,10.52077097,192.9
4500,10.52077097,192.95
4500,10.52077097,193.0
4500,10.52077097,193.05
4500,10.52077097,193.1
4500,10.52077097,193.15
4500,10.52077097,193.2
4500,10.52077097,193.25
4500,10.52077097,193.3
4500,10.52077097,193.35
4500,10.52077097,193.4
4500,10.52077097,193.45
4500,10.52077097,193.5
4500,10.52077097,193.55
4500,10.52077097,193.6
4500,10.52077097,193.65
4500,10.52077097,193.7
4500,10.52077097,193.75
4500,10.52077097,193.8
4500,10.52077097,193.85
4500,10.52077097,193.9
4500,10.52077097,193.95
4500,10.52077097,194.0
4500,10.52077097,194.05
4500,10.52077097,194.1
4500,10.52077097,194.15
4500,10.52077097,194.2
4500,10.52077097,194.25
4500,10.52077097,194.3
4500,10.52077097,194.35
4500,10.52077097,194.4
4500,10.52077097,194.45
4500,10.52077097,194.5
4500,10.52077097,194.55
4500,10.52077097,194.6
4500,10.52077097,194.65
4500,10.52077097,194.7
4500,10.52077097,194.75
4500,10.52077097,194.8
4500,10.52077097,194.85
4500,10.52077097,194.9
4500,10.52077097,194.95
4500,10.52077097,195.0
4500,10.52077097,195.05
4500,10.52077097,195.1
4500,10.52077097,195.15
4500,10.52077097,195.2
4500,10.52077097,195.25
4500,10.52077097,195.3
4500,10.52077097,195.35
4500,10.52077097,195.4
4500,10.52077097,195.45
4500,10.52077097,195.5
4500,10.52077097,195.55
4500,10.52077097,195.6
4500,10.52077097,195.65
4500,10.52077097,195.7
4500,10.52077097,195.75
4500,10.52077097,195.8
4500,10.52077097,195.85
4500,10.52077097,195.9
4500,10.52077097,195.95
4500,10.52077097,196.0
4500,10.52077097,196.05
4500,10.52077097,196.1
4500,10.52077097,196.15
4500,10.52077097,196.2
4500,10.52077097,196.25
4500,10.52077097,196.3
4500,10.52077097,196.35
4500,10.52077097,196.4
4500,10.52077097,196.45
4500,10.52077097,196.5
4500,10.52077097,196.55
4500,10.52077097,196.6
4500,10.52077097,196.65
4500,10.52077097,196.7
4500,10.52077097,196.75
4500,10.52077097,196.8
4500,10.52077097,196.85
4500,10.52077097,196.9
4500,10.52077097,196.95
4500,10.52077097,197.0
4500,10.52077097,197.05
4500,10.52077097,197.1
4500,10.52077097,197.15
4500,10.52077097,197.2
4500,10.52077097,197.25
4500,10.52077097,197.3
4500,10.52077097,197.35
4500,10.52077097,197.4
4500,10.52077097,197.45
4500,10.52077097,197.5
4500,10.52077097,197.55
4500,10.52077097,197.6
4500,10.52077097,197.65
4500,10.52077097,197.7
4500,10.52077097,197.75
4500,10.52077097,197.8
4500,10.52077097,197.85
4500,10.52077097,197.9
4500,10.52077097,197.95
4500,10.52077097,198.0
4500,10.52077097,198.05
4500,10.52077097,198.1
4500,10.52077097,198.15
4500,10.52077097,198.2
4500,10.52077097,198.25
4500,10.52077097,198.3
4500,10.52077097,198.35
4500,10.52077097,198.4
4500,10.52077097,198.45
4500,10.52077097,198.5
4500,10.52077097,198.55
4500,10.52077097,198.6
4500,10.52077097,198.65
4500,10.52077097,198.7
4500,10.52077097,198.75
4500,10.52077097,198.8
4500,10.52077097,198.85
4500,10.52077097,198.9
4500,10.52077097,198.95
4500,10.52077097,199.0
4500,10.52077097,199.05
4500,10.52077097,199.1
4500,10.52077097,199.15
4500,10.52077097,199.2
4500,10.52077097,199.25
4500,10.52077097,199.3
4500,10.52077097,199.35
4500,10.52077097,199.4
4500,10.52077097,199.45
4500,10.52077097,199.5
4500,10.52077097,199.55
4500,10.52077097,199.6
4500,10.52077097,199.65
4500,10.52077097,199.7
4500,10.52077097,199.75
4500,10.52077097,199.8
4500,10.52077097,199.85
4500,10.52077097,199.9
4500,10.52077097,199.95
4500,10.52077097,200.0
4500,10.52077097,200.05
4500,10.52077097,200.1
4500,10.52077097,200.15
4500,10.52077097,200.2
4500,10.52077097,200.25
4500,10.52077097,200.3
4500,10.52077097,200.35
4500,10.52077097,200.4
4500,10.52077097,200.45
4500,10.52077097,200.5
4500,10.52077097,200.55
4500,10.52077097,200.6
4500,10.52077097,200.65
4500,10.52077097,200.7
4500,10.52077097,200.75
4500,10.52077097,200.8
4500,10.52077097,200.85
4500,10.52077097,200.9
4500,10.52077097,200.95
4500,10.52077097,201.0
4500,10.52077097,201.05
4500,10.52077097,201.1
4500,10.52077097,201.15
4500,10.52077097,201.2
4500,10.52077097,201.25
4500,10.52077097,201.3
4500,10.52077097,201.35
4500,10.52077097,201.4
4500,10.52077097,201.45
4500,10.52077097,201.5
4500,10.52077097,201.55
4500,10.52077097,201.6
4500,10.52077097,201.65
4500,10.52077097,201.7
4500,10.52077097,201.75
4500,10.52077097,201.8
4500,10.52077097,201.85
4500,10.52077097,201.9
4500,10.52077097,201.95
4500,10.52077097,202.0
4500,10.52077097,202.05
4500,10.52077097,202.1
4500,10.52077097,202.15
4500,10.52077097,202.2
4500,10.52077097,202.25
4500,10.52077097,202.3
4500,10.52077097,202.35
4500,10.52077097,202.4
4500,10.52077097,202.45
4500,10.52077097,202.5
4500,10.52077097,202.55
4500,10.52077097,202.6
4500,10.52077097,202.65
4500,10.52077097,202.7
4500,10.52077097,202.75
4500,10.52077097,202.8
4500,10.52077097,202.85
4500,10.52077097,202.9
4500,10.52077097,202.95
4500,10.52077097,203.0
4500,10.52077097,203.05
4500,10.52077097,203.1
4500,10.52077097,203.15
4500,10.52077097,203.2
4500,10.52077097,203.25
4500,10.52077097,203.3
4500,10.52077097,203.35
4500,10.52077097,203.4
4500,10.52077097,203.45
4500,10.52077097,203.5
4500,10.52077097,203.55
4500,10.52077097,203.6
4500,10.52077097,203.65
4500,10.52077097,203.7
4500,10.52077097,203.75
4500,10.52077097,203.8
4500,10.52077097,203.85
4500,10.52077097,203.9
4500,10.52077097,203.95
4500,10.52077097,204.0
4500,10.52077097,204.05
4500,10.52077097,204.1
4500,10.52077097,204.15
4500,10.52077097,204.2
4500,10.52077097,204.25
4500,10.52077097,204.3
4500,10.52077097,204.35
4500,10.52077097,204.4
4500,10.52077097,204.45
4500,10.52077097,204.5
4500,10.52077097,204.55
4500,10.52077097,204.6
4500,10.52077097,204.65
4500,10.52077097,204.7
4500,10.52077097,204.75
4500,10.52077097,204.8
4500,10.52077097,204.85
4500,10.52077097,204.9
4500,10.52077097,204.95
4500,10.52077097,205.0
4500,10.52077097,205.05
4500,10.52077097,205.1
4500,10.52077097,205.15
4500,10.52077097,205.2
4500,10.52077097,205.25
4500,10.52077097,205.3
4500,10.52077097,205.35
4500,10.52077097,205.4
4500,10.52077097,205.45
4500,10.52077097,205.5
4500,10.52077097,205.55
4500,10.52077097,205.6
4500,10.52077097,205.65
4500,10.52077097,205.7
4500,10.52077097,205.75
4500,10.52077097,205.8
4500,10.52077097,205.85
4500,10.52077097,205.9
4500,10.52077097,205.95
4500,10.52077097,206.0
4500,10.52077097,206.05
4500,10.52077097,206.1
4500,10.52077097,206.15
4500,10.52077097,206.2
4500,10.52077097,206.25
4500,10.52077097,206.3
4500,10.52077097,206.35
4500,10.52077097,206.4
4500,10.52077097,206.45
4500,10.52077097,206.5
4500,10.52077097,206.55
4500,10.52077097,206.6
4500,10.52077097,206.65
4500,10.52077097,206.7
4500,10.52077097,206.75
4500,10.52077097,206.8
4500,10.52077097,206.85
4500,10.52077097,206.9
4500,10.52077097,206.95
4500,10.52077097,207.0
4500,10.52077097,207.05
4500,10.52077097,207.1
4500,10.52077097,207.15
4500,10.52077097,207.2
4500,10.52077097,207.25
4500,10.52077097,207.3
4500,10.52077097,207.35
4500,10.52077097,207.4
4500,10.52077097,207.45
4500,10.52077097,207.5
4500,10.52077097,207.55
4500,10.52077097,207.6
4500,10.52077097,207.65
4500,10.52077097,207.7
4500,10.52077097,207.75
4500,10.52077097,207.8
4500,10.52077097,207.85
4500,10.52077097,207.9
4500,10.52077097,207.95
4500,10.52077097,208.0
4500,10.52077097,208.05
4500,10.52077097,208.1
4500,10.52077097,208.15
4500,10.52077097,208.2
4500,10.52077097,208.25
4500,10.52077097,208.3
4500,10.52077097,208.35
4500,10.52077097,208.4
4500,10.52077097,208.45
4500,10.52077097,208.5
4500,10.52077097,208.55
4500,10.52077097,208.6
4500,10.52077097,208.65
4500,10.52077097,208.7
4500,10.52077097,208.75
4500,10.52077097,208.8
4500,10.52077097,208.85
4500,10.52077097,208.9
4500,10.52077097,208.95
4500,10.52077097,209.0
4500,10.52077097,209.05
4500,10.52077097,209.1
4500,10.52077097,209.15
4500,10.52077097,209.2
4500,10.52077097,209.25
4500,10.52077097,209.3
4500,10.52077097,209.35
4500,10.52077097,209.4
4500,10.52077097,209.45
4500,10.52077097,209.5
4500,10.52077097,209.55
4500,10.52077097,209.6
4500,10.52077097,209.65
4500,10.52077097,209.7
4500,10.52077097,209.75
4500,10.52077097,209.8
4500,10.52077097,209.85
4500,10.52077097,209.9
4500,10.52077097,209.95
4500,10.52077097,210.0
4500,10.52077097,210.05
4500,10.52077097,210.1
4500,10.52077097,210.15
4500,10.52077097,210.2
4500,10.52077097,210.25
4500,10.52077097,210.3
4500,10.52077097,210.35
4500,10.52077097,210.4
4500,10.52077097,210.45
4500,10.52077097,210.5
4500,10.52077097,210.55
4500,10.52077097,210.6
4500,10.52077097,210.65
4500,10.52077097,210.7
4500,10.52077097,210.75
4500,10.52077097,210.8
4500,10.52077097,210.85
4500,10.52077097,210.9
4500,10.52077097,210.95
4500,10.52077097,211.0
4500,10.52077097,211.05
4500,10.52077097,211.1
4500,10.52077097,211.15
4500,10.52077097,211.2
4500,10.52077097,211.25
4500,10.52077097,211.3
4500,10.52077097,211.35
4500,10.52077097,211.4
4500,10.52077097,211.45
4500,10.52077097,211.5
4500,10.52077097,211.55
4500,10.52077097,211.6
4500,10.52077097,211.65
4500,10.52077097,211.7
4500,10.52077097,211.75
4500,10.52077097,211.8
4500,10.52077097,211.85
4500,10.52077097,211.9
4500,10.52077097,211.95
4500,10.52077097,212.0
4500,10.52077097,212.05
4500,10.52077097,212.1
4500,10.52077097,212.15
4500,10.52077097,212.2
4500,10.52077097,212.25
4500,10.52077097,212.3
4500,10.52077097,212.35
4500,10.52077097,212.4
4500,10.52077097,212.45
4500,10.52077097,212.5
4500,10.52077097,212.55
4500,10.52077097,212.6
4500,10.52077097,212.65
4500,10.52077097,212.7
4500,10.52077097,212.75
4500,10.52077097,212.8
4500,10.52077097,212.85
4500,10.52077097,212.9
4500,10.52077097,212.95
4500,10.52077097,213.0
4500,10.52077097,213.05
4500,10.52077097,213.1
4500,10.52077097,213.15
4500,10.52077097,213.2
4500,10.52077097,213.25
4500,10.52077097,213.3
4500,10.52077097,213.35
4500,10.52077097,213.4
4500,10.52077097,213.45
4500,10.52077097,213.5
4500,10.52077097,213.55
4500,10.52077097,213.6
4500,10.52077097,213.65
4500,10.52077097,213.7
4500,10.52077097,213.75
4500,10.52077097,213.8
4500,10.52077097,213.85
4500,10.52077097,213.9
4500,10.52077097,213.95
4500,10.52077097,214.0
4500,10.52077097,214.05
4500,10.52077097,214.1
4500,10.52077097,214.15
4500,10.52077097,214.2
4500,10.52077097,214.25
4500,10.52077097,214.3
4500,10.52077097,214.35
4500,10.52077097,214.4
4500,10.52077097,214.45
4500,10.52077097,214.5
4500,10.52077097,214.55
4500,10.52077097,214.6
4500,10.52077097,214.65
4500,10.52077097,214.7
4500,10.52077097,214.75
4500,10.52077097,214.8
4500,10.52077097,214.85
4500,10.52077097,214.9
4500,10.52077097,214.95
4500,10.52077097,215.0
4500,10.52077097,215.05
4500,10.52077097,215.1
4500,10.52077097,215.15
4500,10.52077097,215.2
4500,10.52077097,215.25
4500,10.52077097,215.3
4500,10.52077097,215.35
4500,10.52077097,215.4
4500,10.52077097,215.45
4500,10.52077097,215.5
4500,10.52077097,215.55
4500,10.52077097,215.6
4500,10.52077097,215.65
4500,10.52077097,215.7
4500,10.52077097,215.75
4500,10.52077097,215.8
4500,10.52077097,215.85
4500,10.52077097,215.9
4500,10.52077097,215.95
4500,10.52077097,216.0
4500,10.52077097,216.05
4500,10.52077097,216.1
4500,10.52077097,216.15
4500,10.52077097,216.2
4500,10.52077097,216.25
4500,10.52077097,216.3
4500,10.52077097,216.35
4500,10.52077097,216.4
4500,10.52077097,216.45
4500,10.52077097,216.5
4500,10.52077097,216.55
4500,10.52077097,216.6
4500,10.52077097,216.65
4500,10.52077097,216.7
4500,10.52077097,216.75
4500,10.52077097,216.8
4500,10.52077097,216.85
4500,10.52077097,216.9
4500,10.52077097,216.95
4500,10.52077097,217.0
4500,10.52077097,217.05
4500,10.52077097,217.1
4500,10.52077097,217.15
4500,10.52077097,217.2
4500,10.52077097,217.25
4500,10.52077097,217.3
4500,10.52077097,217.35
4500,10.52077097,217.4
4500,10.52077097,217.45
4500,10.52077097,217.5
4500,10.52077097,217.55
4500,10.52077097,217.6
4500,10.52077097,217.65
4500,10.52077097,217.7
4500,10.52077097,217.75
4500,10.52077097,217.8
4500,10.52077097,217.85
4500,10.52077097,217.9
4500,10.52077097,217.95
4500,10.52077097,218.0
4500,10.52077097,218.05
4500,10.52077097,218.1
4500,10.52077097,218.15
4500,10.52077097,218.2
4500,10.52077097,218.25
4500,10.52077097,218.3
4500,10.52077097,218.35
4500,10.52077097,218.4
4500,10.52077097,218.45
4500,10.52077097,218.5
4500,10.52077097,218.55
4500,10.52077097,218.6
4500,10.52077097,218.65
4500,10.52077097,218.7
4500,10.52077097,218.75
4500,10.52077097,218.8
4500,10.52077097,218.85
4500,10.52077097,218.9
4500,10.52077097,218.95
4500,10.52077097,219.0
4500,10.52077097,219.05
4500,10.52077097,219.1
4500,10.52077097,219.15
4500,10.52077097,219.2
4500,10.52077097,219.25
4500,10.52077097,219.3
4500,10.52077097,219.35
4500,10.52077097,219.4
4500,10.52077097,219.45
4500,10.52077097,219.5
4500,10.52077097,219.55
4500,10.52077097,219.6
4500,10.52077097,219.65
4500,10.52077097,219.7
4500,10.52077097,219.75
4500,10.52077097,219.8
4500,10.52077097,219.85
4500,10.52077097,219.9
4500,10.52077097,219.95
4500,10.52077097,220.0
4500,10.52077097,220.05
4500,10.52077097,220.1
4500,10.52077097,220.15
4500,10.52077097,220.2
4500,10.52077097,220.25
4500,10.52077097,220.3
4500,10.52077097,220.35
4500,10.52077097,220.4
4500,10.52077097,220.45
4500,10.52077097,220.5
4500,10.52077097,220.55
4500,10.52077097,220.6
4500,10.52077097,220.65
4500,10.52077097,220.7
4500,10.52077097,220.75
4500,10.52077097,220.8
4500,10.52077097,220.85
4500,10.52077097,220.9
4500,10.52077097,220.95
4500,10.52077097,221.0
4500,10.52077097,221.05
4500,10.52077097,221.1
4500,10.52077097,221.15
4500,10.52077097,221.2
4500,10.52077097,221.25
4500,10.52077097,221.3
4500,10.52077097,221.35
4500,10.52077097,221.4
4500,10.52077097,221.45
4500,10.52077097,221.5
4500,10.52077097,221.55
4500,10.52077097,221.6
4500,10.52077097,221.65
4500,10.52077097,221.7
4500,10.52077097,221.75
4500,10.52077097,221.8
4500,10.52077097,221.85
4500,10.52077097,221.9
4500,10.52077097,221.95
4500,10.52077097,222.0
4500,10.52077097,222.05
4500,10.52077097,222.1
4500,10.52077097,222.15
4500,10.52077097,222.2
4500,10.52077097,222.25
4500,10.52077097,222.3
4500,10.52077097,222.35
4500,10.52077097,222.4
4500,10.52077097,222.45
4500,10.52077097,222.5
4500,10.52077097,222.55
4500,10.52077097,222.6
4500,10.52077097,222.65
4500,10.52077097,222.7
4500,10.52077097,222.75
4500,10.52077097,222.8
4500,10.52077097,222.85
4500,10.52077097,222.9
4500,10.52077097,222.95
4500,10.52077097,223.0
4500,10.52077097,223.05
4500,10.52077097,223.1
4500,10.52077097,223.15
4500,10.52077097,223.2
4500,10.52077097,223.25
4500,10.52077097,223.3
4500,10.52077097,223.35
4500,10.52077097,223.4
4500,10.52077097,223.45
4500,10.52077097,223.5
4500,10.52077097,223.55
4500,10.52077097,223.6
4500,10.52077097,223.65
4500,10.52077097,223.7
4500,10.52077097,223.75
4500,10.52077097,223.8
4500,10.52077097,223.85
4500,10.52077097,223.9
4500,10.52077097,223.95
4500,10.52077097,224.0
4500,10.52077097,224.05
4500,10.52077097,224.1
4500,10.52077097,224.15
4500,10.52077097,224.2
4500,10.52077097,224.25
4500,10.52077097,224.3
4500,10.52077097,224.35
4500,10.52077097,224.4
4500,10.52077097,224.45
4500,10.52077097,224.5
4500,10.52077097,224.55
4500,10.52077097,224.6
4500,10.52077097,224.65
4500,10.52077097,224.7
4500,10.52077097,224.75
4500,10.52077097,224.8
4500,10.52077097,224.85
4500,10.52077097,224.9
4500,10.52077097,224.95
4500,10.52077097,225.0
4500,10.52077097,225.05
4500,10.52077097,225.1
4500,10.52077097,225.15
4500,10.52077097,225.2
4500,10.52077097,225.25
4500,10.52077097,225.3
4500,10.52077097,225.35
4500,10.52077097,225.4
4500,10.52077097,225.45
4500,10.52077097,225.5
4500,10.52077097,225.55
4500,10.52077097,225.6
4500,10.52077097,225.65
4500,10.52077097,225.7
4500,10.52077097,225.75
4500,10.52077097,225.8
4500,10.52077097,225.85
4500,10.52077097,225.9
4500,10.52077097,225.95
4500,10.52077097,226.0
4500,10.52077097,226.05
4500,10.52077097,226.1
4500,10.52077097,226.15
4500,10.52077097,226.2
4500,10.52077097,226.25
4500,10.52077097,226.3
4500,10.52077097,226.35
4500,10.52077097,226.4
4500,10.52077097,226.45
4500,10.52077097,226.5
4500,10.52077097,226.55
4500,10.52077097,226.6
4500,10.52077097,226.65
4500,10.52077097,226.7
4500,10.52077097,226.75
4500,10.52077097,226.8
4500,10.52077097,226.85
4500,10.52077097,226.9
4500,10.52077097,226.95
4500,10.52077097,227.0
4500,10.52077097,227.05
4500,10.52077097,227.1
4500,10.52077097,227.15
4500,10.52077097,227.2
4500,10.52077097,227.25
4500,10.52077097,227.3
4500,10.52077097,227.35
4500,10.52077097,227.4
4500,10.52077097,227.45
4500,10.52077097,227.5
4500,10.52077097,227.55
4500,10.52077097,227.6
4500,10.52077097,227.65
4500,10.52077097,227.7
4500,10.52077097,227.75
4500,10.52077097,227.8
4500,10.52077097,227.85
4500,10.52077097,227.9
4500,10.52077097,227.95
4500,10.52077097,228.0
4500,10.52077097,228.05
4500,10.52077097,228.1
4500,10.52077097,228.15
4500,10.52077097,228.2
4500,10.52077097,228.25
4500,10.52077097,228.3
4500,10.52077097,228.35
4500,10.52077097,228.4
4500,10.52077097,228.45
4500,10.52077097,228.5
4500,10.52077097,228.55
4500,10.52077097,228.6
4500,10.52077097,228.65
4500,10.52077097,228.7
4500,10.52077097,228.75
4500,10.52077097,228.8
4500,10.52077097,228.85
4500,10.52077097,228.9
4500,10.52077097,228.95
4500,10.52077097,229.0
4500,10.52077097,229.05
4500,10.52077097,229.1
4500,10.52077097,229.15
4500,10.52077097,229.2
4500,10.52077097,229.25
4500,10.52077097,229.3
4500,10.52077097,229.35
4500,10.52077097,229.4
4500,10.52077097,229.45
4500,10.52077097,229.5
4500,10.52077097,229.55
4500,10.52077097,229.6
4500,10.52077097,229.65
4500,10.52077097,229.7
4500,10.52077097,229.75
4500,10.52077097,229.8
4500,10.52077097,229.85
4500,10.52077097,229.9
4500,10.52077097,229.95
4500,10.52077097,230.0
4500,10.52077097,230.05
4500,10.52077097,230.1
4500,10.52077097,230.15
4500,10.52077097,230.2
4500,10.52077097,230.25
4500,10.52077097,230.3
4500,10.52077097,230.35
4500,10.52077097,230.4
4500,10.52077097,230.45
4500,10.52077097,230.5
4500,10.52077097,230.55
4500,10.52077097,230.6
4500,10.52077097,230.65
4500,10.52077097,230.7
4500,10.52077097,230.75
4500,10.52077097,230.8
4500,10.52077097,230.85
4500,10.52077097,230.9
4500,10.52077097,230.95
4500,10.52077097,231.0
4500,10.52077097,231.05
4500,10.52077097,231.1
4500,10.52077097,231.15
4500,10.52077097,231.2
4500,10.52077097,231.25
4500,10.52077097,231.3
4500,10.52077097,231.35
4500,10.52077097,231.4
4500,10.52077097,231.45
4500,10.52077097,231.5
4500,10.52077097,231.55
4500,10.52077097,231.6
4500,10.52077097,231.65
4500,10.52077097,231.7
4500,10.52077097,231.75
4500,10.52077097,231.8
4500,10.52077097,231.85
4500,10.52077097,231.9
4500,10.52077097,231.95
4500,10.52077097,232.0
4500,10.52077097,232.05
4500,10.52077097,232.1
4500,10.52077097,232.15
4500,10.52077097,232.2
4500,10.52077097,232.25
4500,10.52077097,232.3
4500,10.52077097,232.35
4500,10.52077097,232.4
4500,10.52077097,232.45
4500,10.52077097,232.5
4500,10.52077097,232.55
4500,10.52077097,232.6
4500,10.52077097,232.65
4500,10.52077097,232.7
4500,10.52077097,232.75
4500,10.52077097,232.8
4500,10.52077097,232.85
4500,10.52077097,232.9
4500,10.52077097,232.95
4500,10.52077097,233.0
4500,10.52077097,233.05
4500,10.52077097,233.1
4500,10.52077097,233.15
4500,10.52077097,233.2
4500,10.52077097,233.25
4500,10.52077097,233.3
4500,10.52077097,233.35
4500,10.52077097,233.4
4500,10.52077097,233.45
4500,10.52077097,233.5
4500,10.52077097,233.55
4500,10.52077097,233.6
4500,10.52077097,233.65
4500,10.52077097,233.7
4500,10.52077097,233.75
4500,10.52077097,233.8
4500,10.52077097,233.85
4500,10.52077097,233.9
4500,10.52077097,233.95
4500,10.52077097,234.0
4500,10.52077097,234.05
4500,10.52077097,234.1
4500,10.52077097,234.15
4500,10.52077097,234.2
4500,10.52077097,234.25
4500,10.52077097,234.3
4500,10.52077097,234.35
4500,10.52077097,234.4
4500,10.52077097,234.45
4500,10.52077097,234.5
4500,10.52077097,234.55
4500,10.52077097,234.6
4500,10.52077097,234.65
4500,10.52077097,234.7
4500,10.52077097,234.75
4500,10.52077097,234.8
4500,10.52077097,234.85
4500,10.52077097,234.9
4500,10.52077097,234.95
4500,10.52077097,235.0
4500,10.52077097,235.05
4500,10.52077097,235.1
4500,10.52077097,235.15
4500,10.52077097,235.2
4500,10.52077097,235.25
4500,10.52077097,235.3
4500,10.52077097,235.35
4500,10.52077097,235.4
4500,10.52077097,235.45
4500,10.52077097,235.5
4500,10.52077097,235.55
4500,10.52077097,235.6
4500,10.52077097,235.65
4500,10.52077097,235.7
4500,10.52077097,235.75
4500,10.52077097,235.8
4500,10.52077097,235.85
4500,10.52077097,235.9
4500,10.52077097,235.95
4500,10.52077097,236.0
4500,10.52077097,236.05
4500,10.52077097,236.1
4500,10.52077097,236.15
4500,10.52077097,236.2
4500,10.52077097,236.25
4500,10.52077097,236.3
4500,10.52077097,236.35
4500,10.52077097,236.4
4500,10.52077097,236.45
4500,10.52077097,236.5
4500,10.52077097,236.55
4500,10.52077097,236.6
4500,10.52077097,236.65
4500,10.52077097,236.7
4500,10.52077097,236.75
4500,10.52077097,236.8
4500,10.52077097,236.85
4500,10.52077097,236.9
4500,10.52077097,236.95
4500,10.52077097,237.0
4500,10.52077097,237.05
4500,10.52077097,237.1
4500,10.52077097,237.15
4500,10.52077097,237.2
4500,10.52077097,237.25
4500,10.52077097,237.3
4500,10.52077097,237.35
4500,10.52077097,237.4
4500,10.52077097,237.45
4500,10.52077097,237.5
4500,10.52077097,237.55
4500,10.52077097,237.6
4500,10.52077097,237.65
4500,10.52077097,237.7
4500,10.52077097,237.75
4500,10.52077097,237.8
4500,10.52077097,237.85
4500,10.52077097,237.9
4500,10.52077097,237.95
4500,10.52077097,238.0
4500,10.52077097,238.05
4500,10.52077097,238.1
4500,10.52077097,238.15
4500,10.52077097,238.2
4500,10.52077097,238.25
4500,10.52077097,238.3
4500,10.52077097,238.35
4500,10.52077097,238.4
4500,10.52077097,238.45
4500,10.52077097,238.5
4500,10.52077097,238.55
4500,10.52077097,238.6
4500,10.52077097,238.65
4500,10.52077097,238.7
4500,10.52077097,238.75
4500,10.52077097,238.8
4500,10.52077097,238.85
4500,10.52077097,238.9
4500,10.52077097,238.95
4500,10.52077097,239.0
4500,10.52077097,239.05
4500,10.52077097,239.1
4500,10.52077097,239.15
4500,10.52077097,239.2
4500,10.52077097,239.25
4500,10.52077097,239.3
4500,10.52077097,239.35
4500,10.52077097,239.4
4500,10.52077097,239.45
4500,10.52077097,239.5
4500,10.52077097,239.55
4500,10.52077097,239.6
4500,10.52077097,239.65
4500,10.52077097,239.7
4500,10.52077097,239.75
4500,10.52077097,239.8
4500,10.52077097,239.85
4500,10.52077097,239.9
4500,10.52077097,239.95
4500,10.52077097,240.0
4500,10.52077097,240.05
4500,10.52077097,240.1
4500,10.52077097,240.15
4500,10.52077097,240.2
4500,10.52077097,240.25
4500,10.52077097,240.3
4500,10.52077097,240.35
4500,10.52077097,240.4
4500,10.52077097,240.45
4500,10.52077097,240.5
4500,10.52077097,240.55
4500,10.52077097,240.6
4500,10.52077097,240.65
4500,10.52077097,240.7
4500,10.52077097,240.75
4500,10.52077097,240.8
4500,10.52077097,240.85
4500,10.52077097,240.9
4500,10.52077097,240.95
4500,10.52077097,241.0
4500,10.52077097,241.05
4500,10.52077097,241.1
4500,10.52077097,241.15
4500,10.52077097,241.2
4500,10.52077097,241.25
4500,10.52077097,241.3
4500,10.52077097,241.35
4500,10.52077097,241.4
4500,10.52077097,241.45
4500,10.52077097,241.5
4500,10.52077097,241.55
4500,10.52077097,241.6
4500,10.52077097,241.65
4500,10.52077097,241.7
4500,10.52077097,241.75
4500,10.52077097,241.8
4500,10.52077097,241.85
4500,10.52077097,241.9
4500,10.52077097,241.95
4500,10.52077097,242.0
4500,10.52077097,242.05
4500,10.52077097,242.1
4500,10.52077097,242.15
4500,10.52077097,242.2
4500,10.52077097,242.25
4500,10.52077097,242.3
4500,10.52077097,242.35
4500,10.52077097,242.4
4500,10.52077097,242.45
4500,10.52077097,242.5
4500,10.52077097,242.55
4500,10.52077097,242.6
4500,10.52077097,242.65
4500,10.52077097,242.7
4500,10.52077097,242.75
4500,10.52077097,242.8
4500,10.52077097,242.85
4500,10.52077097,242.9
4500,10.52077097,242.95
4500,10.52077097,243.0
4500,10.52077097,243.05
4500,10.52077097,243.1
4500,10.52077097,243.15
4500,10.52077097,243.2
4500,10.52077097,243.25
4500,10.52077097,243.3
4500,10.52077097,243.35
4500,10.52077097,243.4
4500,10.52077097,243.45
4500,10.52077097,243.5
4500,10.52077097,243.55
4500,10.52077097,243.6
4500,10.52077097,243.65
4500,10.52077097,243.7
4500,10.52077097,243.75
4500,10.52077097,243.8
4500,10.52077097,243.85
4500,10.52077097,243.9
4500,10.52077097,243.95
4500,10.52077097,244.0
4500,10.52077097,244.05
4500,10.52077097,244.1
4500,10.52077097,244.15
4500,10.52077097,244.2
4500,10.52077097,244.25
4500,10.52077097,244.3
4500,10.52077097,244.35
4500,10.52077097,244.4
4500,10.52077097,244.45
4500,10.52077097,244.5
4500,10.52077097,244.55
4500,10.52077097,244.6
4500,10.52077097,244.65
4500,10.52077097,244.7
4500,10.52077097,244.75
4500,10.52077097,244.8
4500,10.52077097,244.85
4500,10.52077097,244.9
4500,10.52077097,244.95
4500,10.52077097,245.0
4500,10.52077097,245.05
4500,10.52077097,245.1
4500,10.52077097,245.15
4500,10.52077097,245.2
4500,10.52077097,245.25
4500,10.52077097,245.3
4500,10.52077097,245.35
4500,10.52077097,245.4
4500,10.52077097,245.45
4500,10.52077097,245.5
4500,10.52077097,245.55
4500,10.52077097,245.6
4500,10.52077097,245.65
4500,10.52077097,245.7
4500,10.52077097,245.75
4500,10.52077097,245.8
4500,10.52077097,245.85
4500,10.52077097,245.9
4500,10.52077097,245.95
4500,10.52077097,246.0
4500,10.52077097,246.05
4500,10.52077097,246.1
4500,10.52077097,246.15
4500,10.52077097,246.2
4500,10.52077097,246.25
4500,10.52077097,246.3
4500,10.52077097,246.35
4500,10.52077097,246.4
4500,10.52077097,246.45
4500,10.52077097,246.5
4500,10.52077097,246.55
4500,10.52077097,246.6
4500,10.52077097,246.65
4500,10.52077097,246.7
4500,10.52077097,246.75
4500,10.52077097,246.8
4500,10.52077097,246.85
4500,10.52077097,246.9
4500,10.52077097,246.95
4500,10.52077097,247.0
4500,10.52077097,247.05
4500,10.52077097,247.1
4500,10.52077097,247.15
4500,10.52077097,247.2
4500,10.52077097,247.25
4500,10.52077097,247.3
4500,10.52077097,247.35
4500,10.52077097,247.4
4500,10.52077097,247.45
4500,10.52077097,247.5
4500,10.52077097,247.55
4500,10.52077097,247.6
4500,10.52077097,247.65
4500,10.52077097,247.7
4500,10.52077097,247.75
4500,10.52077097,247.8
4500,10.52077097,247.85
4500,10.52077097,247.9
4500,10.52077097,247.95
4500,10.52077097,248.0
4500,10.52077097,248.05
4500,10.52077097,248.1
4500,10.52077097,248.15
4500,10.52077097,248.2
4500,10.52077097,248.25
4500,10.52077097,248.3
4500,10.52077097,248.35
4500,10.52077097,248.4
4500,10.52077097,248.45
4500,10.52077097,248.5
4500,10.52077097,248.55
4500,10.52077097,248.6
4500,10.52077097,248.65
4500,10.52077097,248.7
4500,10.52077097,248.75
4500,10.52077097,248.8
4500,10.52077097,248.85
4500,10.52077097,248.9
4500,10.52077097,248.95
4500,10.52077097,249.0
4500,10.52077097,249.05
4500,10.52077097,249.1
4500,10.52077097,249.15
4500,10.52077097,249.2
4500,10.52077097,249.25
4500,10.52077097,249.3
4500,10.52077097,249.35
4500,10.52077097,249.4
4500,10.52077097,249.45
4500,10.52077097,249.5
4500,10.52077097,249.55
4500,10.52077097,249.6
4500,10.52077097,249.65
4500,10.52077097,249.7
4500,10.52077097,249.75
4500,10.52077097,249.8
4500,10.52077097,249.85
4500,10.52077097,249.9
4500,10.52077097,249.95
4500,10.52077097,250.0
